{
  "content_type": "movies",
  "items": [
    {
      "label": "The Last of Us: Season 2 - Những Người Còn Sót Lại: Phần 2 - (2025)",
      "label2": "Black Gunn",
      "path": "plugin://plugin.video.vietmediaF/?action=browse&url=https://thuviencine.com/phim-nhung-nguoi-con-sot-lai-phan-2-the-last-of-us-season-2-2025-fshare/",
      "thumbnail": "https://image.tmdb.org/t/p/w500/ka1Bcy9w7YOroUXMJe2aZPadkkm.jpg",
      "icon": "https://image.tmdb.org/t/p/w500/ka1Bcy9w7YOroUXMJe2aZPadkkm.jpg",
      "is_playable": false,
      "info": {
        "title": "The Last of Us: Season 2 - Những Người Còn Sót Lại: Phần 2 - (2025)",
        "originaltitle": "Black Gunn",
        "year": 1972,
        "genre": "Phim Hành Động, Phim Gây Cấn, Phim Hình Sự",
        "rating": 5.8,
        "plot": "",
        "duration": 5820,
        "mediatype": "movie"
      },
      "art": {
        "poster": "https://image.tmdb.org/t/p/w500/ka1Bcy9w7YOroUXMJe2aZPadkkm.jpg",
        "fanart": "https://image.tmdb.org/t/p/original/7nGdIe8V8AYcGaOKBBk5J7uAzSb.jpg",
        "thumb": "https://image.tmdb.org/t/p/w500/ka1Bcy9w7YOroUXMJe2aZPadkkm.jpg",
        "icon": "https://image.tmdb.org/t/p/w500/ka1Bcy9w7YOroUXMJe2aZPadkkm.jpg"
      },
      "properties": {
        "IsPlayable": "false",
        "TotalTime": "5820",
        "ResumeTime": "0"
      }
    },
    {
      "label": "A Minecraft Movie - Một bộ phim Minecraft - (2025)",
      "label2": "A Minecraft Movie",
      "path": "plugin://plugin.video.vietmediaF/?action=browse&url=https://thuviencine.com/phim-mot-bo-phim-minecraft-a-minecraft-movie-2025-fshare/",
      "thumbnail": "https://image.tmdb.org/t/p/w500/wRrGBv4uNofBVyShxfS0iugbcm8.jpg",
      "icon": "https://image.tmdb.org/t/p/w500/wRrGBv4uNofBVyShxfS0iugbcm8.jpg",
      "is_playable": false,
      "info": {
        "title": "A Minecraft Movie - Một bộ phim Minecraft - (2025)",
        "originaltitle": "A Minecraft Movie",
        "year": 2025,
        "genre": "Phim Gia Đình, Phim Hài, Phim Phiêu Lưu, Phim Giả Tượng",
        "rating": 6.5,
        "plot": "Chào mừng bạn đến với thế giới của Minecraft, nơi sự sáng tạo không chỉ giúp bạn chế tạo mà còn là yếu tố quan trọng để sống sót! Bốn kẻ lạc lõng - Garrett “The Garbage Man” Garrison (Momoa), Henry (Hansen), Natalie (Myers) và Dawn (Brooks) - bất ngờ gặp rắc rối khi họ bị kéo qua cánh cửa bí ẩn dẫn đến Overworld: một thế giới kỳ lạ được tạo bởi những khối lập phương và phát triển nhờ vào trí tưởng tượng. Để trở về nhà, họ cần phải làm chủ được thế giới này (và bảo vệ nó khỏi những thực thể tà ác như Piglins và Thây Ma) trong khi dấn thân vào chuyến phiêu lưu màu nhiệm với một thợ chế tạo chuyên nghiệp và khó lường - Steve (Black). Chuyến hành trình này sẽ thách thức sự can đảm của cả năm người, thúc đẩy họ tìm lại với những phẩm chất làm nên sự đặc biệt của riêng mình,… đồng thời là những kỹ năng cần thiết để trở lại với thế giới thật.",
        "duration": 6060,
        "mediatype": "movie"
      },
      "art": {
        "poster": "https://image.tmdb.org/t/p/w500/wRrGBv4uNofBVyShxfS0iugbcm8.jpg",
        "fanart": "https://image.tmdb.org/t/p/original/2Nti3gYAX513wvhp8IiLL6ZDyOm.jpg",
        "thumb": "https://image.tmdb.org/t/p/w500/wRrGBv4uNofBVyShxfS0iugbcm8.jpg",
        "icon": "https://image.tmdb.org/t/p/w500/wRrGBv4uNofBVyShxfS0iugbcm8.jpg"
      },
      "properties": {
        "IsPlayable": "false",
        "TotalTime": "6060",
        "ResumeTime": "0"
      }
    },
    {
      "label": "Star Wars: Andor: Season 1 - Star Wars: Andor: Phần 1 - (2022)",
      "label2": "Andor",
      "path": "plugin://plugin.video.vietmediaF/?action=browse&url=https://thuviencine.com/phim-star-wars-andor-phan-1-star-wars-andor-season-1-2022-fshare/",
      "thumbnail": "https://image.tmdb.org/t/p/w500/khZqmwHQicTYoS7Flreb9EddFZC.jpg",
      "icon": "https://image.tmdb.org/t/p/w500/khZqmwHQicTYoS7Flreb9EddFZC.jpg",
      "is_playable": false,
      "info": {
        "title": "Star Wars: Andor: Season 1 - Star Wars: Andor: Phần 1 - (2022)",
        "originaltitle": "Andor",
        "year": 2022,
        "genre": "Sci-Fi & Fantasy, Action & Adventure, Phim Chính Kịch",
        "rating": 8.2,
        "plot": "Đặt bối cảnh 5 năm trước các sự kiện trong Rogue One (2016), bộ phim xoay quanh dàn nhân vật chính trong giai đoạn Liên minh Nổi dậy non trẻ mới hình thành chống lại Đế chế Thiên hà. Một trong những nhân vật đó là Cassian Andor, vốn mang thân phận trộm cắp hèn mọn song về sau anh ta đã trở thành một chiến sĩ cách mạng gia nhập phe Nổi dậy.",
        "duration": 0,
        "mediatype": "movie"
      },
      "art": {
        "poster": "https://image.tmdb.org/t/p/w500/khZqmwHQicTYoS7Flreb9EddFZC.jpg",
        "fanart": "https://image.tmdb.org/t/p/original/kCGwvjpqM1owt9kI4pkYPJWJLvc.jpg",
        "thumb": "https://image.tmdb.org/t/p/w500/khZqmwHQicTYoS7Flreb9EddFZC.jpg",
        "icon": "https://image.tmdb.org/t/p/w500/khZqmwHQicTYoS7Flreb9EddFZC.jpg"
      },
      "properties": {
        "IsPlayable": "false",
        "TotalTime": "0",
        "ResumeTime": "0"
      }
    },
    {
      "label": "Love, Death &#038; Robots: Season 4 - Tình Yêu, Cái Chết và Người Máy: Phần 4 - (2025)",
      "label2": "Love, Death & Robots",
      "path": "plugin://plugin.video.vietmediaF/?action=browse&url=https://thuviencine.com/phim-tinh-yeu-cai-chet-va-nguoi-may-phan-4-love-death-robots-season-4-2025-fshare/",
      "thumbnail": "https://image.tmdb.org/t/p/w500/asDqvkE66EegtKJJXIRhBJPxscr.jpg",
      "icon": "https://image.tmdb.org/t/p/w500/asDqvkE66EegtKJJXIRhBJPxscr.jpg",
      "is_playable": false,
      "info": {
        "title": "Love, Death &#038; Robots: Season 4 - Tình Yêu, Cái Chết và Người Máy: Phần 4 - (2025)",
        "originaltitle": "Love, Death & Robots",
        "year": 2019,
        "genre": "Phim Hoạt Hình, Sci-Fi & Fantasy",
        "rating": 8.2,
        "plot": "Các sinh vật đáng sợ, những bất ngờ kinh hoàng và hài kịch đen hội tụ trong tuyển tập hoạt hình do Tim Miller và David Fincher sáng tạo này. Phim chứa nội dung nhạy cảm.",
        "duration": 0,
        "mediatype": "movie"
      },
      "art": {
        "poster": "https://image.tmdb.org/t/p/w500/asDqvkE66EegtKJJXIRhBJPxscr.jpg",
        "fanart": "https://image.tmdb.org/t/p/original/nBrkOZyI75artyizuBFeya48KbO.jpg",
        "thumb": "https://image.tmdb.org/t/p/w500/asDqvkE66EegtKJJXIRhBJPxscr.jpg",
        "icon": "https://image.tmdb.org/t/p/w500/asDqvkE66EegtKJJXIRhBJPxscr.jpg"
      },
      "properties": {
        "IsPlayable": "false",
        "TotalTime": "0",
        "ResumeTime": "0"
      }
    },
    {
      "label": "A Working Man - Mật Vụ Phụ Hồ - (2025)",
      "label2": "A Working Man",
      "path": "plugin://plugin.video.vietmediaF/?action=browse&url=https://thuviencine.com/phim-mat-vu-phu-ho-a-working-man-2025-fshare/",
      "thumbnail": "https://image.tmdb.org/t/p/w500/qmVVc6ZVw9PEwkr4G0Obmlg7woC.jpg",
      "icon": "https://image.tmdb.org/t/p/w500/qmVVc6ZVw9PEwkr4G0Obmlg7woC.jpg",
      "is_playable": false,
      "info": {
        "title": "A Working Man - Mật Vụ Phụ Hồ - (2025)",
        "originaltitle": "A Working Man",
        "year": 2025,
        "genre": "Phim Hành Động, Phim Hình Sự, Phim Gây Cấn",
        "rating": 6.6,
        "plot": "Levon Cade - cựu biệt kích tinh nhuệ thuộc lực lượng Thủy quân Lục chiến Hoàng gia Anh. Sau khi nghỉ hưu, anh sống cuộc đời yên bình là một công nhân xây dựng tại Chicago (Mỹ). Levon có mối quan hệ rất tốt với gia đình ông chủ Joe Garcia (Michael Peña). Một ngày nọ, cô con gái tuổi teen Jenny (Arianna Rivas) của Joe bị bắt cóc khiến chàng cựu quân nhân phải sử dụng lại các kỹ năng giết chóc của mình để giúp đỡ.",
        "duration": 6960,
        "mediatype": "movie"
      },
      "art": {
        "poster": "https://image.tmdb.org/t/p/w500/qmVVc6ZVw9PEwkr4G0Obmlg7woC.jpg",
        "fanart": "https://image.tmdb.org/t/p/original/fTrQsdMS2MUw00RnzH0r3JWHhts.jpg",
        "thumb": "https://image.tmdb.org/t/p/w500/qmVVc6ZVw9PEwkr4G0Obmlg7woC.jpg",
        "icon": "https://image.tmdb.org/t/p/w500/qmVVc6ZVw9PEwkr4G0Obmlg7woC.jpg"
      },
      "properties": {
        "IsPlayable": "false",
        "TotalTime": "6960",
        "ResumeTime": "0"
      }
    },
    {
      "label": "Thunderbolts* - Biệt Đội Sấm Sét* - (2025)",
      "label2": "Thunderbolts*",
      "path": "plugin://plugin.video.vietmediaF/?action=browse&url=https://thuviencine.com/phim-biet-doi-sam-set-thunderbolts-2025-fshare/",
      "thumbnail": "https://image.tmdb.org/t/p/w500/8SHwKExQ9dkR8xEmtT3y2vrHZEY.jpg",
      "icon": "https://image.tmdb.org/t/p/w500/8SHwKExQ9dkR8xEmtT3y2vrHZEY.jpg",
      "is_playable": false,
      "info": {
        "title": "Thunderbolts* - Biệt Đội Sấm Sét* - (2025)",
        "originaltitle": "Thunderbolts*",
        "year": 2025,
        "genre": "Phim Hành Động, Phim Khoa Học Viễn Tưởng, Phim Phiêu Lưu",
        "rating": 7.5,
        "plot": "Sau khi thấy mình bị mắc kẹt trong một cái bẫy chết người, bảy người bị bỏ rơi vỡ mộng phải bắt tay vào một nhiệm vụ nguy hiểm sẽ buộc họ phải đối mặt với những góc đen tối nhất trong quá khứ của họ.",
        "duration": 7620,
        "mediatype": "movie"
      },
      "art": {
        "poster": "https://image.tmdb.org/t/p/w500/8SHwKExQ9dkR8xEmtT3y2vrHZEY.jpg",
        "fanart": "https://image.tmdb.org/t/p/original/rthMuZfFv4fqEU4JVbgSW9wQ8rs.jpg",
        "thumb": "https://image.tmdb.org/t/p/w500/8SHwKExQ9dkR8xEmtT3y2vrHZEY.jpg",
        "icon": "https://image.tmdb.org/t/p/w500/8SHwKExQ9dkR8xEmtT3y2vrHZEY.jpg"
      },
      "properties": {
        "IsPlayable": "false",
        "TotalTime": "7620",
        "ResumeTime": "0"
      }
    },
    {
      "label": "Nghiệp Báo Phần 1 - Nhiệm Vụ: Bất Khả Thi - (2023)",
      "label2": "Mission: Impossible - Dead Reckoning Part One",
      "path": "plugin://plugin.video.vietmediaF/?action=browse&url=https://thuviencine.com/phim-nhiem-vu-bat-kha-thi-nghiep-bao-phan-1-mission-impossible-dead-reckoning-part-one-2023-fshare/",
      "thumbnail": "https://image.tmdb.org/t/p/w500/eoLBADTttXo4HJLLUK9amxE4RRM.jpg",
      "icon": "https://image.tmdb.org/t/p/w500/eoLBADTttXo4HJLLUK9amxE4RRM.jpg",
      "is_playable": false,
      "info": {
        "title": "Nghiệp Báo Phần 1 - Nhiệm Vụ: Bất Khả Thi - (2023)",
        "originaltitle": "Mission: Impossible - Dead Reckoning Part One",
        "year": 2023,
        "genre": "Phim Hành Động, Phim Phiêu Lưu, Phim Gây Cấn",
        "rating": 7.5,
        "plot": "Phần phim thứ 7 của loạt phim Nhiệm Vụ Bất Khả Thi",
        "duration": 9840,
        "mediatype": "movie"
      },
      "art": {
        "poster": "https://image.tmdb.org/t/p/w500/eoLBADTttXo4HJLLUK9amxE4RRM.jpg",
        "fanart": "https://image.tmdb.org/t/p/original/TFTfzrkX8L7bAKUcch6qLmjpLu.jpg",
        "thumb": "https://image.tmdb.org/t/p/w500/eoLBADTttXo4HJLLUK9amxE4RRM.jpg",
        "icon": "https://image.tmdb.org/t/p/w500/eoLBADTttXo4HJLLUK9amxE4RRM.jpg"
      },
      "properties": {
        "IsPlayable": "false",
        "TotalTime": "9840",
        "ResumeTime": "0"
      }
    },
    {
      "label": "Snow White - Nàng Bạch Tuyết - (2025)",
      "label2": "Snow White",
      "path": "plugin://plugin.video.vietmediaF/?action=browse&url=https://thuviencine.com/phim-nang-bach-tuyet-snow-white-2025-fshare/",
      "thumbnail": "https://image.tmdb.org/t/p/w500/24vmIaNTaXPXKdveylQ2C3hcWaD.jpg",
      "icon": "https://image.tmdb.org/t/p/w500/24vmIaNTaXPXKdveylQ2C3hcWaD.jpg",
      "is_playable": false,
      "info": {
        "title": "Snow White - Nàng Bạch Tuyết - (2025)",
        "originaltitle": "Snow White",
        "year": 2025,
        "genre": "Phim Gia Đình, Phim Giả Tượng",
        "rating": 4.3,
        "plot": "Câu chuyện của Nàng Bạch Tuyết ban đầu cũng giống như cổ tích, khi nàng công chúa mới chào đời, mang niềm vui và sự ấm áp tới cả vương quốc xinh đẹp. Mẹ mất sớm, cha bao bọc nàng bằng tất cả tình yêu thương, dạy nàng phải sống không sợ hãi, công bằng, dũng cảm và chân thành. Bạch Tuyết càng lớn lên càng lay động lòng người, với vẻ đẹp thuần khiết như ánh nắng ban mai và một trái tim thiện lương, nhân hậu. Thế nhưng, những ngày tháng vui vẻ không kéo dài lâu khi cha cô cũng qua đời. Ngày hoàng hậu mới lên ngôi, bóng tối bao trùm cả vương quốc. Độc ác và đầy dã tâm, ả không có lòng khoan dung, sẵn sàng trừng phạt bất cứ ai dám làm trái lệnh. Sự ghen ghét, đố kỵ của mẹ kế đẩy Bạch Tuyết vào cảnh nguy hiểm. Nàng phải chạy trốn vào rừng sâu, nơi cuộc phiêu lưu của nàng bắt đầu với những người bạn tốt bụng mới.",
        "duration": 6540,
        "mediatype": "movie"
      },
      "art": {
        "poster": "https://image.tmdb.org/t/p/w500/24vmIaNTaXPXKdveylQ2C3hcWaD.jpg",
        "fanart": "https://image.tmdb.org/t/p/original/tyfO9jHgkhypUFizRVYD0bytPjP.jpg",
        "thumb": "https://image.tmdb.org/t/p/w500/24vmIaNTaXPXKdveylQ2C3hcWaD.jpg",
        "icon": "https://image.tmdb.org/t/p/w500/24vmIaNTaXPXKdveylQ2C3hcWaD.jpg"
      },
      "properties": {
        "IsPlayable": "false",
        "TotalTime": "6540",
        "ResumeTime": "0"
      }
    },
    {
      "label": "Captain America: Brave New World - Captain America: Thế Giới Mới - (2025)",
      "label2": "Captain America: Brave New World",
      "path": "plugin://plugin.video.vietmediaF/?action=browse&url=https://thuviencine.com/phim-captain-america-the-gioi-moi-captain-america-brave-new-world-2025-fshare/",
      "thumbnail": "https://image.tmdb.org/t/p/w500/fWTZk4Y7HTyTTGNJnXNaX3XTE0v.jpg",
      "icon": "https://image.tmdb.org/t/p/w500/fWTZk4Y7HTyTTGNJnXNaX3XTE0v.jpg",
      "is_playable": false,
      "info": {
        "title": "Captain America: Brave New World - Captain America: Thế Giới Mới - (2025)",
        "originaltitle": "Captain America: Brave New World",
        "year": 2025,
        "genre": "Phim Hành Động, Phim Gây Cấn, Phim Khoa Học Viễn Tưởng",
        "rating": 6.1,
        "plot": "Sau khi gặp Tổng thống Hoa Kỳ mới đắc cử Thaddeus Ross, Sam Wilson thấy mình bị cuốn vào một sự cố . Anh phải khám phá lý do đằng sau một âm mưu cực kì xấu xa trước khi kẻ chủ mưu thật sự khiến cả thế giới phải hoảng sợ",
        "duration": 7140,
        "mediatype": "movie"
      },
      "art": {
        "poster": "https://image.tmdb.org/t/p/w500/fWTZk4Y7HTyTTGNJnXNaX3XTE0v.jpg",
        "fanart": "https://image.tmdb.org/t/p/original/8eifdha9GQeZAkexgtD45546XKx.jpg",
        "thumb": "https://image.tmdb.org/t/p/w500/fWTZk4Y7HTyTTGNJnXNaX3XTE0v.jpg",
        "icon": "https://image.tmdb.org/t/p/w500/fWTZk4Y7HTyTTGNJnXNaX3XTE0v.jpg"
      },
      "properties": {
        "IsPlayable": "false",
        "TotalTime": "7140",
        "ResumeTime": "0"
      }
    },
    {
      "label": "Warfare - Ký Ức Chiến Tranh - (2025)",
      "label2": "Warfare",
      "path": "plugin://plugin.video.vietmediaF/?action=browse&url=https://thuviencine.com/phim-ky-uc-chien-tranh-warfare-2025-fshare/",
      "thumbnail": "https://image.tmdb.org/t/p/w500/srj9rYrjefyWqkLc6l2xjTGeBGO.jpg",
      "icon": "https://image.tmdb.org/t/p/w500/srj9rYrjefyWqkLc6l2xjTGeBGO.jpg",
      "is_playable": false,
      "info": {
        "title": "Warfare - Ký Ức Chiến Tranh - (2025)",
        "originaltitle": "Warfare",
        "year": 2025,
        "genre": "Phim Chiến Tranh, Phim Hành Động",
        "rating": 7.2,
        "plot": "Warfare (2025) tái hiện nhiệm vụ sinh tử của đội đặc nhiệm Navy SEAL tại Iraq vào ngày 19 tháng 11 năm 2006, khi họ chiếm giữ một ngôi nhà để giám sát khu vực. Phiến quân nhanh chóng bao vây, đẩy các binh sĩ vào cuộc giao tranh ác liệt với súng máy và lựu đạn. Bộ phim khai thác sự khắc nghiệt của chiến tranh, những hy sinh và tổn thương tâm lý mà người lính phải gánh chịu. Với cách kể chuyện chân thực, Warfare đem lại cảm giác nghẹt thở đầy ám ảnh.",
        "duration": 5700,
        "mediatype": "movie"
      },
      "art": {
        "poster": "https://image.tmdb.org/t/p/w500/srj9rYrjefyWqkLc6l2xjTGeBGO.jpg",
        "fanart": "https://image.tmdb.org/t/p/original/cJvUJEEQ86LSjl4gFLkYpdCJC96.jpg",
        "thumb": "https://image.tmdb.org/t/p/w500/srj9rYrjefyWqkLc6l2xjTGeBGO.jpg",
        "icon": "https://image.tmdb.org/t/p/w500/srj9rYrjefyWqkLc6l2xjTGeBGO.jpg"
      },
      "properties": {
        "IsPlayable": "false",
        "TotalTime": "5700",
        "ResumeTime": "0"
      }
    },
    {
      "label": "Drop - Buổi Hẹn Hò Kinh Hoàng - (2025)",
      "label2": "Drop",
      "path": "plugin://plugin.video.vietmediaF/?action=browse&url=https://thuviencine.com/phim-buoi-hen-ho-kinh-hoang-drop-2025-fshare/",
      "thumbnail": "https://image.tmdb.org/t/p/w500/9TIBYg1nSn7qspOBPnkuWdp9NRh.jpg",
      "icon": "https://image.tmdb.org/t/p/w500/9TIBYg1nSn7qspOBPnkuWdp9NRh.jpg",
      "is_playable": false,
      "info": {
        "title": "Drop - Buổi Hẹn Hò Kinh Hoàng - (2025)",
        "originaltitle": "Drop",
        "year": 2025,
        "genre": "Phim Bí Ẩn, Phim Gây Cấn",
        "rating": 6.5,
        "plot": "Buổi hẹn hò đầu tiên sau nhiều năm của Violet nhanh chóng trở thành ác mộng khi cô nhận được những tin nhắn ẩn danh kỳ lạ. Kẻ gửi đe dọa giết con trai và em gái cô nếu cô không làm theo yêu cầu của hắn.",
        "duration": 5700,
        "mediatype": "movie"
      },
      "art": {
        "poster": "https://image.tmdb.org/t/p/w500/9TIBYg1nSn7qspOBPnkuWdp9NRh.jpg",
        "fanart": "https://image.tmdb.org/t/p/original/n4R5Ad6rwf87lmllFNuYR3io30V.jpg",
        "thumb": "https://image.tmdb.org/t/p/w500/9TIBYg1nSn7qspOBPnkuWdp9NRh.jpg",
        "icon": "https://image.tmdb.org/t/p/w500/9TIBYg1nSn7qspOBPnkuWdp9NRh.jpg"
      },
      "properties": {
        "IsPlayable": "false",
        "TotalTime": "5700",
        "ResumeTime": "0"
      }
    },
    {
      "label": "Dear Hongrang: Season 1 - Nuốt Vàng: Phần 1 - (2025)",
      "label2": "탄금",
      "path": "plugin://plugin.video.vietmediaF/?action=browse&url=https://thuviencine.com/phim-nuot-vang-phan-1-dear-hongrang-season-1-2025-fshare/",
      "thumbnail": "https://image.tmdb.org/t/p/w500/vQepTUG3kA2n73Hshe8qCrSW5j.jpg",
      "icon": "https://image.tmdb.org/t/p/w500/vQepTUG3kA2n73Hshe8qCrSW5j.jpg",
      "is_playable": false,
      "info": {
        "title": "Dear Hongrang: Season 1 - Nuốt Vàng: Phần 1 - (2025)",
        "originaltitle": "탄금",
        "year": 2025,
        "genre": "Phim Chính Kịch, Phim Bí Ẩn",
        "rating": 6.9,
        "plot": "Quyền lực, tình yêu, bí mật. Khi một nam nhân tự nhận là người thừa kế mất tích xuất hiện, xung đột nổ ra làm hé lộ những thủ đoạn chính trị, âm mưu ẩn giấu và tình yêu nảy nở.",
        "duration": 3900,
        "mediatype": "movie"
      },
      "art": {
        "poster": "https://image.tmdb.org/t/p/w500/vQepTUG3kA2n73Hshe8qCrSW5j.jpg",
        "fanart": "https://image.tmdb.org/t/p/original/eElF5eTwJyXh6hFEFa8LDMEmnHz.jpg",
        "thumb": "https://image.tmdb.org/t/p/w500/vQepTUG3kA2n73Hshe8qCrSW5j.jpg",
        "icon": "https://image.tmdb.org/t/p/w500/vQepTUG3kA2n73Hshe8qCrSW5j.jpg"
      },
      "properties": {
        "IsPlayable": "false",
        "TotalTime": "3900",
        "ResumeTime": "0"
      }
    },
    {
      "label": "The Walking Dead: Dead City - Xác Sống: Thành Phố Chết - (2023)",
      "label2": "Alger: Rue Bab-Azoun",
      "path": "plugin://plugin.video.vietmediaF/?action=browse&url=https://thuviencine.com/phim-xac-song-thanh-pho-chet-the-walking-dead-dead-city-2023-fshare/",
      "thumbnail": "https://image.tmdb.org/t/p/w500/n9Pfsx0jdKHESUKZd50PrXe6OpO.jpg",
      "icon": "https://image.tmdb.org/t/p/w500/n9Pfsx0jdKHESUKZd50PrXe6OpO.jpg",
      "is_playable": false,
      "info": {
        "title": "The Walking Dead: Dead City - Xác Sống: Thành Phố Chết - (2023)",
        "originaltitle": "Alger: Rue Bab-Azoun",
        "year": 1896,
        "genre": "Phim Tài Liệu",
        "rating": 4.9,
        "plot": "",
        "duration": 60,
        "mediatype": "movie"
      },
      "art": {
        "poster": "https://image.tmdb.org/t/p/w500/n9Pfsx0jdKHESUKZd50PrXe6OpO.jpg",
        "fanart": "",
        "thumb": "https://image.tmdb.org/t/p/w500/n9Pfsx0jdKHESUKZd50PrXe6OpO.jpg",
        "icon": "https://image.tmdb.org/t/p/w500/n9Pfsx0jdKHESUKZd50PrXe6OpO.jpg"
      },
      "properties": {
        "IsPlayable": "false",
        "TotalTime": "60",
        "ResumeTime": "0"
      }
    },
    {
      "label": "Conclave - Mật Nghị Vatican - (2024)",
      "label2": "Conclave",
      "path": "plugin://plugin.video.vietmediaF/?action=browse&url=https://thuviencine.com/phim-mat-nghi-vatican-conclave-2024-fshare/",
      "thumbnail": "https://image.tmdb.org/t/p/w500/xBMr0bRwyzEPPqU8l73SWu6kbp.jpg",
      "icon": "https://image.tmdb.org/t/p/w500/xBMr0bRwyzEPPqU8l73SWu6kbp.jpg",
      "is_playable": false,
      "info": {
        "title": "Conclave - Mật Nghị Vatican - (2024)",
        "originaltitle": "Conclave",
        "year": 2024,
        "genre": "Phim Chính Kịch, Phim Gây Cấn, Phim Bí Ẩn",
        "rating": 7.2,
        "plot": "Khi Hồng y Lawrence được giao nhiệm vụ lãnh đạo một trong những sự kiện bí mật và lâu đời nhất thế giới, lựa chọn một Giáo hoàng mới, ông thấy mình ở trung tâm của một âm mưu có thể làm rung chuyển nền tảng của Giáo hội Công giáo.",
        "duration": 7200,
        "mediatype": "movie"
      },
      "art": {
        "poster": "https://image.tmdb.org/t/p/w500/xBMr0bRwyzEPPqU8l73SWu6kbp.jpg",
        "fanart": "https://image.tmdb.org/t/p/original/1YMrOtrW7b4pL2lfD8UciZPOJGs.jpg",
        "thumb": "https://image.tmdb.org/t/p/w500/xBMr0bRwyzEPPqU8l73SWu6kbp.jpg",
        "icon": "https://image.tmdb.org/t/p/w500/xBMr0bRwyzEPPqU8l73SWu6kbp.jpg"
      },
      "properties": {
        "IsPlayable": "false",
        "TotalTime": "7200",
        "ResumeTime": "0"
      }
    },
    {
      "label": "Mickey 17 - Mickey 17 - (2025)",
      "label2": "Mickey 17",
      "path": "plugin://plugin.video.vietmediaF/?action=browse&url=https://thuviencine.com/phim-mickey-17-mickey-17-2025-fshare/",
      "thumbnail": "https://image.tmdb.org/t/p/w500/XsKM62tGS8eRPm9sM9fYGEyZVn.jpg",
      "icon": "https://image.tmdb.org/t/p/w500/XsKM62tGS8eRPm9sM9fYGEyZVn.jpg",
      "is_playable": false,
      "info": {
        "title": "Mickey 17 - Mickey 17 - (2025)",
        "originaltitle": "Mickey 17",
        "year": 2025,
        "genre": "Phim Khoa Học Viễn Tưởng, Phim Hài, Phim Phiêu Lưu",
        "rating": 6.9,
        "plot": "Được chuyển thể từ tiểu thuyết Mickey 7 của nhà văn Edward Ashton, Cuốn tiểu thuyết xoay quanh các phiên bản nhân bản vô tính mang tên “Mickey”, dùng để thay thế con người thực hiện cuộc chinh phạt nhằm thuộc địa hóa vương quốc băng giá Niflheim. Mỗi khi một Mickey chết đi, một Mickey mới sẽ được tạo ra, với phiên bản được đánh số 1, 2, 3 tiếp theo. Mickey số 7 được cho rằng đã chết, để rồi một ngày kia, hắn quay lại và bắt gặp phiên bản tiếp theo của mình.",
        "duration": 8220,
        "mediatype": "movie"
      },
      "art": {
        "poster": "https://image.tmdb.org/t/p/w500/XsKM62tGS8eRPm9sM9fYGEyZVn.jpg",
        "fanart": "https://image.tmdb.org/t/p/original/qUc0Hol3eP74dbW4YyqT6oRLYgT.jpg",
        "thumb": "https://image.tmdb.org/t/p/w500/XsKM62tGS8eRPm9sM9fYGEyZVn.jpg",
        "icon": "https://image.tmdb.org/t/p/w500/XsKM62tGS8eRPm9sM9fYGEyZVn.jpg"
      },
      "properties": {
        "IsPlayable": "false",
        "TotalTime": "8220",
        "ResumeTime": "0"
      }
    },
    {
      "label": "For All Mankind: Season 4 - Cuộc Chiến Không Gian: Phần 4 - (2023)",
      "label2": "Vacaciones de terror 2: Cumpleaños diabólico",
      "path": "plugin://plugin.video.vietmediaF/?action=browse&url=https://thuviencine.com/phim-cuoc-chien-khong-gian-phan-4-for-all-mankind-season-4-2023-fshare/",
      "thumbnail": "https://image.tmdb.org/t/p/w500/hZj2UcBS9q2mTDreG3EFzJqn2xr.jpg",
      "icon": "https://image.tmdb.org/t/p/w500/hZj2UcBS9q2mTDreG3EFzJqn2xr.jpg",
      "is_playable": false,
      "info": {
        "title": "For All Mankind: Season 4 - Cuộc Chiến Không Gian: Phần 4 - (2023)",
        "originaltitle": "Vacaciones de terror 2: Cumpleaños diabólico",
        "year": 1991,
        "genre": "Phim Kinh Dị, Phim Gây Cấn, Phim Giả Tượng",
        "rating": 6.0,
        "plot": "",
        "duration": 5100,
        "mediatype": "movie"
      },
      "art": {
        "poster": "https://image.tmdb.org/t/p/w500/hZj2UcBS9q2mTDreG3EFzJqn2xr.jpg",
        "fanart": "https://image.tmdb.org/t/p/original/r13Km3e6Poll5Rduukrnl0ZvfVJ.jpg",
        "thumb": "https://image.tmdb.org/t/p/w500/hZj2UcBS9q2mTDreG3EFzJqn2xr.jpg",
        "icon": "https://image.tmdb.org/t/p/w500/hZj2UcBS9q2mTDreG3EFzJqn2xr.jpg"
      },
      "properties": {
        "IsPlayable": "false",
        "TotalTime": "5100",
        "ResumeTime": "0"
      }
    },
    {
      "label": "Small Things Like These - Những Điều Nhỏ Bé Ấy - (2024)",
      "label2": "Small Things Like These",
      "path": "plugin://plugin.video.vietmediaF/?action=browse&url=https://thuviencine.com/phim-nhung-dieu-nho-be-ay-small-things-like-these-2024-fshare/",
      "thumbnail": "https://image.tmdb.org/t/p/w500/rdcO38cbWFg002nXg5QYtk7Tz4L.jpg",
      "icon": "https://image.tmdb.org/t/p/w500/rdcO38cbWFg002nXg5QYtk7Tz4L.jpg",
      "is_playable": false,
      "info": {
        "title": "Small Things Like These - Những Điều Nhỏ Bé Ấy - (2024)",
        "originaltitle": "Small Things Like These",
        "year": 2024,
        "genre": "Phim Chính Kịch, Phim Lịch Sử",
        "rating": 6.8,
        "plot": "Small Things Like These 2024 Lấy bối cảnh Giáng sinh năm 1985 tại thị trấn New Ross - Ireland, xoay quanh Bill Furlong một người cha tận tụy và là một thương nhân buôn bán than, củi. Anh là một người đàn ông trầm lặng, chăm chỉ, luôn cố gắng mang lại cuộc sống tốt đẹp cho vợ và năm cô con gái. Trong quá trình làm việc Bill dần khám phá ra những bí mật đen tối về Tu viện Magdalene trong thị trấn, nơi được điều hành bởi các nữ tu và là nơi cưu mang những phụ nữ trẻ lầm lỡ. Những phụ nữ này bị bóc lột sức lao động, bị đối xử tàn nhẫn và phải sống trong điều kiện khắc nghiệt. Bill vốn cũng từng trải qua tuổi thơ khó khăn khi là con của một người mẹ đơn thân, bị giằng xé giữa việc giữ im lặng để bảo vệ gia đình mình hay lên tiếng chống lại sự bất công đang diễn ra. Anh phải đối mặt với lương tâm và lựa chọn giữa sự an toàn của bản thân và trách nhiệm đạo đức với những người phụ nữ khốn khổ trong tu viện.",
        "duration": 5940,
        "mediatype": "movie"
      },
      "art": {
        "poster": "https://image.tmdb.org/t/p/w500/rdcO38cbWFg002nXg5QYtk7Tz4L.jpg",
        "fanart": "https://image.tmdb.org/t/p/original/rtpFIgy1YYw3kx7PCyNhi6xmEFb.jpg",
        "thumb": "https://image.tmdb.org/t/p/w500/rdcO38cbWFg002nXg5QYtk7Tz4L.jpg",
        "icon": "https://image.tmdb.org/t/p/w500/rdcO38cbWFg002nXg5QYtk7Tz4L.jpg"
      },
      "properties": {
        "IsPlayable": "false",
        "TotalTime": "5940",
        "ResumeTime": "0"
      }
    },
    {
      "label": "Bet: Season 1 - Học Viện Đỏ Đen: Phần 1 - (2025)",
      "label2": "花眼",
      "path": "plugin://plugin.video.vietmediaF/?action=browse&url=https://thuviencine.com/phim-hoc-vien-do-den-phan-1-bet-season-1-2025-fshare/",
      "thumbnail": "https://image.tmdb.org/t/p/w500/AgLumj7Gku7ql3hv0JTi6807aUp.jpg",
      "icon": "https://image.tmdb.org/t/p/w500/AgLumj7Gku7ql3hv0JTi6807aUp.jpg",
      "is_playable": false,
      "info": {
        "title": "Bet: Season 1 - Học Viện Đỏ Đen: Phần 1 - (2025)",
        "originaltitle": "花眼",
        "year": 2002,
        "genre": "Phim Chính Kịch, Phim Lãng Mạn, Phim Giả Tượng",
        "rating": 4.8,
        "plot": "",
        "duration": 5040,
        "mediatype": "movie"
      },
      "art": {
        "poster": "https://image.tmdb.org/t/p/w500/AgLumj7Gku7ql3hv0JTi6807aUp.jpg",
        "fanart": "https://image.tmdb.org/t/p/original/kTgImWT3ojQbI4cmRG2SUK15gX6.jpg",
        "thumb": "https://image.tmdb.org/t/p/w500/AgLumj7Gku7ql3hv0JTi6807aUp.jpg",
        "icon": "https://image.tmdb.org/t/p/w500/AgLumj7Gku7ql3hv0JTi6807aUp.jpg"
      },
      "properties": {
        "IsPlayable": "false",
        "TotalTime": "5040",
        "ResumeTime": "0"
      }
    },
    {
      "label": "[COLOR yellow]Trang 2[/COLOR]",
      "is_playable": false,
      "path": "plugin://plugin.video.vietmediaF/browse&url=vmfhttps://thuviencine.com/top/page/2/",
      "thumbnail": "https://i.imgur.com/yCGoDHr.png",
      "icon": "https://i.imgur.com/yCGoDHr.png",
      "label2": "",
      "info": {
        "plot": "Trang tiếp theo",
        "mediatype": "video"
      },
      "art": {
        "thumb": "https://i.imgur.com/yCGoDHr.png",
        "icon": "https://i.imgur.com/yCGoDHr.png",
        "poster": "https://i.imgur.com/yCGoDHr.png"
      }
    }
  ]
}