<?xml version="1.0" encoding="UTF-8" standalone="yes"?>
<addon id="game.controller.remote"
        name="TV Remote"
        version="1.0.29"
        provider-name="Team Kodi">
    <extension point="kodi.game.controller" library="resources/layout.xml"/>
    <extension point="xbmc.addon.metadata">
        <platform>all</platform>
        <assets>
            <icon>resources/icon.png</icon>
        </assets>
        <summary lang="da_DK">Tv-fjernbetjening</summary>
        <summary lang="de_DE">TV Fernbedienung</summary>
        <summary lang="en_GB">TV Remote</summary>
        <summary lang="es_ES">Mando a distancia de TV</summary>
        <summary lang="es_MX">Control remoto de TV</summary>
        <summary lang="fi_FI">TV-kaukosäädin</summary>
        <summary lang="fr_FR">Télécommande TV</summary>
        <summary lang="is_IS">Sjónvarpsfjarstýring</summary>
        <summary lang="it_IT">Telecomando TV</summary>
        <summary lang="zh_CN">电视遥控器</summary>
        <description lang="da_DK">En tv-fjernbetjening med grundlæggende navigationsmuligheder.</description>
        <description lang="de_DE">Eine Fernbedienung mit grundlegenden Navigationsmöglichkeiten.</description>
        <description lang="en_GB">A TV remote with basic navigational capabilities.</description>
        <description lang="es_ES">Un mando a distancia de televisión con funciones básicas de navegación.</description>
        <description lang="es_MX">Un control remoto de TV con capacidades de navegación básicas.</description>
        <description lang="fi_FI">TV-kaukosäädin perusnavigointiominaisuuksilla.</description>
        <description lang="fr_FR">Une télécommande TV avec des capacités de navigation de base.</description>
        <description lang="is_IS">Sjónvarpsfjarstýring með einföldum flakkstýringum.</description>
        <description lang="it_IT">Un telecomando TV con funzionalità di navigazione di base.</description>
        <description lang="zh_CN">具有基本导航功能的电视遥控器。</description>
    </extension>
</addon>
