<advancedsettings version="1.0">
<video> 
<pauseonexternalplay>true</pauseonexternalplay>
</video>
    <network>
        <curlclienttimeout>5</curlclienttimeout>
        <curllowspeedtime>5</curllowspeedtime>
        <curlretries>2</curlretries>
        <disableipv6>true</disableipv6>
        <disablehttp2>true</disablehttp2>
        <nfstimeout>5</nfstimeout>
        <nfsretries>0</nfsretries>
        <curlkeepaliveinterval>5</curlkeepaliveinterval>
    </network>
<cache>
    <buffermode>1</buffermode>
    <memorysize>20971520</memorysize>  <!-- 20MB bộ nhớ cache -->
    <readfactor>5.0</readfactor>
</cache>

<filecache>
    <memorysize>20971520</memorysize>  <!-- 20MB bộ nhớ file cache -->
    <chunksize>4194304</chunksize>    <!-- 4MB kích thước chunk -->
    <readfactor>5.0</readfactor>
</filecache>

    <addons>
        <unknownsources>true</unknownsources>
        <updatemode>1</updatemode>
    </addons>
    <services>
        <webserver>true</webserver>
        <webserverauthentication>false</webserverauthentication>
        <esallinterfaces>true</esallinterfaces>
    </services>
    <locale>
        <language>resource.language.vi_vn</language>
        <country>Vietnam</country>
        <subtitlelanguage>Vietnamese</subtitlelanguage>
    </locale>

   <subtitles>
    <languages>Vietnamese,English</languages> 
    <subtitleautodownload>true</subtitleautodownload>
</subtitles>
    <disc>
        <playback>0</playback>
    </disc>

    <eventlog>
        <enabled>false</enabled>
    </eventlog>
<debug>
    <extralogging>false</extralogging>
    <setextraloglevel>-1</setextraloglevel>
    <showloginfo>false</showloginfo>
</debug>
<network>
    <alwaysforceinternetlookup>true</alwaysforceinternetlookup>
</network>
<profile>
    <startwithlastprofile>true</startwithlastprofile>
</profile>

<videoplayer>
    <usedisplayasclock>true</usedisplayasclock>
    <preferhardwaredecoding>true</preferhardwaredecoding>
</videoplayer>

</advancedsettings>