<sources>
    <programs>
        <default pathversion="1"></default>
    </programs>
    <video>
        <default pathversion="1"></default>
    </video>
    <music>
        <default pathversion="1"></default>
    </music>
    <pictures>
        <default pathversion="1"></default>
    </pictures>
    <files>
        <default pathversion="1"></default>
        <source>
            <name>.ddns</name>
            <path pathversion="1">http://kodi.ddns.vn/</path>
            <allowsharing>true</allowsharing>
        </source>
        <source>
            <name>.kodivn</name>
            <path pathversion="1">http://kodivmf.github.io/</path>
            <allowsharing>true</allowsharing>
        </source>
        <source>
            <name>home</name>
            <path pathversion="1">special://home/</path>
            <allowsharing>true</allowsharing>
        </source>
        <source>
            <name>.bulu</name>
            <path pathversion="1">https://bulubuloa88.github.io/</path>
            <allowsharing>true</allowsharing>
        </source>
    </files>
    <games>
        <default pathversion="1"></default>
    </games>
</sources>
