<shortcuts>
	<shortcut>
		<defaultID />
		<label>Lịch sử xem</label>
		<label2>Custom item</label2>
		<icon>DefaultShortcut.png</icon>
		<thumb />
		<action>ActivateWindow(10025,"plugin://plugin.video.daxem",return)</action>
		</shortcut>
	<shortcut>
		<defaultID />
		<label>Fshare Favourites</label>
		<label2>Custom item</label2>
		<icon>DefaultShortcut.png</icon>
		<thumb />
		<action>ActivateWindow(Videos,"plugin://plugin.video.vietmediaF?action=action=folderxxx",return)</action>
		</shortcut>	
	</shortcuts>
