<shortcuts>
	<shortcut>
		<defaultID />
		<label>Phim mới đặc sắc</label>
		<label2>Video Add-On</label2>
		<icon>DefaultShortcut.png</icon>
		<thumb>image://https%3a%2f%2fitseovn.com%2fdata%2favatars%2fl%2f51%2f51797.jpg/</thumb>
		<action>ActivateWindow(Videos,"plugin://plugin.video.vnmedia/resources/lib/mkd/onfshare/gcs/index_gcs/?_pickle_=80049540000000000000007d94288c075f7469746c655f948c175068696d206de1bb9b6920c491e1bab7632073e1baaf63948c065f617267735f948c094e657765737455524c948594752e",return)</action>
		</shortcut>
	</shortcuts>
