<shortcuts>
	<shortcut>
		<defaultID>19019</defaultID>
		<label>TV</label>
		<label2>TV trực tuyến</label2>
		<icon>DefaultTVShows.png</icon>
		<thumb />
		<action>ActivateWindow(TVChannels)</action>
		<disabled>True</disabled>
		</shortcut>
	<shortcut>
		<defaultID />
		<label>Thư viện HD</label>
		<label2>Video Add-On</label2>
		<icon>DefaultShortcut.png</icon>
		<thumb>image://https%3a%2f%2fthuvienhd.com%2fwp-content%2fuploads%2f2020%2f10%2fTHUVIENHD.NET_.png/</thumb>
		<action>ActivateWindow(Videos,"plugin://plugin.video.vnmedia/resources/lib/mkd/onfshare/thuvienhd/index_thuvienhd/?_pickle_=8004951f000000000000007d948c075f7469746c655f948c0e5468c6b0207669e1bb876e20484494732e",return)</action>
		</shortcut>
	<shortcut>
		<defaultID />
		<label>Thư viện Cine</label>
		<label2>Video Add-On</label2>
		<icon>DefaultShortcut.png</icon>
		<thumb>image://https%3a%2f%2fthuviencine.com%2fwp-content%2fuploads%2f2021%2f09%2flogo-red.png/</thumb>
		<action>ActivateWindow(Videos,"plugin://plugin.video.vnmedia/resources/lib/mkd/onfshare/thuviencine/index_thuviencine/?_pickle_=80049521000000000000007d948c075f7469746c655f948c105468c6b0207669e1bb876e2043696e6594732e",return)</action>
		</shortcut>
	<shortcut>
		<defaultID />
		<label>HdVietNam</label>
		<label2>Video Add-On</label2>
		<icon>DefaultShortcut.png</icon>
		<thumb>image://https%3a%2f%2fhdvietnam.xyz%2fimages%2fhd-vietnam-logo.png/</thumb>
		<action>ActivateWindow(Videos,"plugin://plugin.video.vnmedia/resources/lib/mkd/onfshare/hdvn/index_hdvn/?_pickle_=8004951a000000000000007d948c075f7469746c655f948c094864566965744e616d94732e",return)</action>
		</shortcut>
	<shortcut>
		<defaultID>plugin.Tool-KODIVN</defaultID>
		<label>                                                                             [COLOR yellow][B] TOOL-KODIVN [/B][/COLOR] [COLOR yellow][B][/B][/COLOR]</label>
		<label2>Chương trình</label2>
		<icon>DefaultShortcut.png</icon>
		<thumb>special://skin/extras/icons/1.Tool-KODIVN.jpg</thumb>
		<action>ActivateWindow(Programs,"plugin://plugin.Tool-KODIVN",return)</action>
		</shortcut>
	</shortcuts>
