<shortcuts>
	<shortcut>
		<defaultID />
		<label>Tìm kiếm</label>
		<label2>Video Add-On</label2>
		<icon>DefaultShortcut.png</icon>
		<thumb>special://skin/extras/icons/search.png</thumb>
		<action>ActivateWindow(Videos,"plugin://plugin.video.vietmediaF?action=__timkiem__",return)</action>
		</shortcut>
	<shortcut>
		<defaultID />
		<label>Phim xem gần đây</label>
		<label2>Mục tùy chỉnh</label2>
		<icon>DefaultShortcut.png</icon>
		<thumb>special://skin/extras/icons/eye.png</thumb>
		<action>ActivateWindow(Videos,"plugin://plugin.video.vietmediaF?action=play&amp;url=__watchedHistoryList__",return)</action>
		</shortcut>
	<shortcut>
		<defaultID />
		<label>Phim thuyết minh</label>
		<label2>Mục tùy chỉnh</label2>
		<icon>DefaultShortcut.png</icon>
		<thumb>special://skin/extras/icons/audiogenre.png</thumb>
		<action>ActivateWindow(Videos,"plugin://plugin.video.vietmediaF?action=play&amp;url=https://docs.google.com/spreadsheets/d/1Di1JncdB-7v8rZzgfZ111SRgdlblWyVEd1FThw8j36Y/htmlview",return)</action>
		</shortcut>
	<shortcut>
		<defaultID />
		<label>Phim bom tấn</label>
		<label2>Video Add-On</label2>
		<icon>DefaultShortcut.png</icon>
		<thumb>special://skin/extras/icons/4k.png</thumb>
		<action>ActivateWindow(Videos,"plugin://plugin.video.vietmediaF?action=fetch_espisode&amp;thread_id=55447&amp;search_text=&amp;title=%5BCOLOR+red%5D+T%E1%BB%94NG+H%E1%BB%A2P+PHIM+BOM+T%E1%BA%A4N+C%C3%81C+N%C4%82M%5B%2FCOLOR%5D&amp;thumbnail=https%3A%2F%2Fs3img.vcdn.vn%2F123phim%2F2019%2F01%2Fphim-bom-tan-2020-24-e7c79b.jpg&amp;url=https%3A%2F%2Fdocs.google.com%2Fspreadsheets%2Fd%2F1MUofoMzCbElPAv0oFmruPzm6IXKoBWWcCwoDaLtLPGo%2Fedit%23gid%3D0",return)</action>
		</shortcut>
	<shortcut>
		<defaultID />
		<label>Phim hoạt hình</label>
		<label2>Mục tùy chỉnh</label2>
		<icon>DefaultShortcut.png</icon>
		<thumb>special://skin/extras/icons/disney.png</thumb>
		<action>ActivateWindow(Videos,"plugin://plugin.video.vietmediaF?action=play&amp;url=https://docs.google.com/spreadsheets/u/0/d/1pTqBnac8GuJPh5SdkJqjN_O0IHGxNPAU4MKVxic4m9s/htmlview",return)</action>
		</shortcut>
	<shortcut>
		<defaultID />
		<label>Phim kinh dị</label>
		<label2>Mục tùy chỉnh</label2>
		<icon>DefaultShortcut.png</icon>
		<thumb>special://skin/extras/icons/Genres/thriller.png</thumb>
		<action>ActivateWindow(Videos,"plugin://plugin.video.vietmediaF?action=play&amp;url=https://docs.google.com/spreadsheets/d/1nM_mqd1-IfMCi7WAtZS3dJo8IXSnaYQXP5CA-yUcwYc/htmlview",return)</action>
		</shortcut>
	<shortcut>
		<defaultID />
		<label>Phim Việt Nam</label>
		<label2>Video Add-On</label2>
		<icon>DefaultShortcut.png</icon>
		<thumb>special://skin/extras/icons/Genres/action.png</thumb>
		<action>ActivateWindow(Videos,"plugin://plugin.video.vietmediaF?action=play&amp;url=https://docs.google.com/spreadsheets/d/1xgEmGL7qjpux4839zuQKKEA-xmMH-tLo776NoZGd29U/htmlview",return)</action>
		</shortcut>
	<shortcut>
		<defaultID />
		<label>Phim cập nhật mỗi ngày</label>
		<label2>Mục tùy chỉnh</label2>
		<icon>DefaultShortcut.png</icon>
		<thumb>special://skin/extras/icons/cloud.png</thumb>
		<action>ActivateWindow(Videos,"plugin://plugin.video.vietmediaF?action=fetch_espisode&amp;thread_id=43848&amp;search_text=&amp;title=%5BB%5D%5BCOLOR+yellow%5DB%E1%BB%99+S%C6%B0u+T%E1%BA%ADp+Phim+C%E1%BB%A7a%5B%2FCOLOR%5D%5BCOLOR+red%5D+MEO+MEO%5B%2FCOLOR%5D%5B%2FB%5D&amp;thumbnail=https%3A%2F%2Fazpet.com.vn%2Fwp-content%2Fuploads%2F2019%2F08%2Fmeo-Scottish.png&amp;url=https%3A%2F%2Fdocs.google.com%2Fspreadsheets%2Fd%2F1ilu7remKG8A6axlZW7BK4sVuv2YHsNXnABhChPxueAA%2Fedit%3Fusp%3Dsharing",return)</action>
		</shortcut>
	<shortcut>
		<defaultID />
		<label>Phim lẻ VMF</label>
		<label2>Video Add-On</label2>
		<icon>DefaultShortcut.png</icon>
		<thumb>special://skin/extras/icons/diamond.png</thumb>
		<action>ActivateWindow(Videos,"plugin://plugin.video.vietmediaF?action=browse&amp;node_id=68",return)</action>
		</shortcut>
	<shortcut>
		<defaultID />
		<label>[B]Phim Tài Liệu[/B]</label>
		<label2>Mục tùy chỉnh</label2>
		<icon>DefaultShortcut.png</icon>
		<thumb>special://skin/extras/icons/Genres/fantasy.png</thumb>
		<action>ActivateWindow(Videos,"plugin://plugin.video.vietmediaF?action=play&amp;url=https://docs.google.com/spreadsheets/d/1dYx1yg1pNxuJQ8BHb0y9r71R9kIc7RSRbzjc6llwy5M/htmlview",return)</action>
		</shortcut>
	<shortcut>
		<defaultID />
		<label>Phim 4K</label>
		<label2>Mục tùy chỉnh</label2>
		<icon>DefaultShortcut.png</icon>
		<thumb>special://skin/extras/icons/4k.png</thumb>
		<action>ActivateWindow(Videos,"plugin://plugin.video.vietmediaF?action=play&amp;url=https://docs.google.com/spreadsheets/d/132T6TwhpdFUyBHbv5lNzmIDhuf1HkIKqMrN6lsiwPfc/htmlview",return)</action>
		</shortcut>
	<shortcut>
		<defaultID />
		<label>Phim lẻ đề cử</label>
		<label2>Video Add-On</label2>
		<icon>DefaultShortcut.png</icon>
		<thumb>special://skin/extras/icons/AL.png</thumb>
		<action>ActivateWindow(Videos,"plugin://plugin.video.vietmediaF?action=play&amp;url=https://docs.google.com/spreadsheets/u/0/d/1Kk4b0nnUfyPZqyTuFNfO5uTByDB1CtmoMmT3PPPpJzw/htmlview",return)</action>
		</shortcut>
	</shortcuts>
