<shortcuts>
	<shortcut>
		<defaultID>24998</defaultID>
		<label>24998</label>
		<label2>Common Shortcut</label2>
		<icon>DefaultAddonsInstalled.png</icon>
		<thumb />
		<action>ActivateWindow(addonbrowser,addons://user/,return)</action>
		</shortcut>

	<shortcut>
		<defaultID>24004</defaultID>
		<label>24004</label>
		<label2>Common Shortcut</label2>
		<icon>DefaultAddonsRecentlyUpdated.png</icon>
		<thumb />
		<action>ActivateWindow(addonbrowser,addons://recently_updated/,return)</action>
		</shortcut>
	<shortcut>
		<defaultID>24033</defaultID>
		<label>24033</label>
		<label2>Common Shortcut</label2>
		<icon>DefaultAddonsRepo.png</icon>
		<thumb />
		<action>ActivateWindow(addonbrowser,addons://repos/,return)</action>
		</shortcut>
	<shortcut>
		<defaultID>24041</defaultID>
		<label>24041</label>
		<label2>Common Shortcut</label2>
		<icon>DefaultAddonsZip.png</icon>
		<thumb />
		<action>ActivateWindow(addonbrowser,addons://install/,return)</action>
		</shortcut>
	<shortcut>
		<defaultID>31145</defaultID>
		<label>$SKIN[31145|skin.estuaryv2.MOD-KODIVN|None]</label>
		<label2>Common Shortcut</label2>
		<icon>DefaultAddonsSearch.png</icon>
		<thumb />
		<action>ActivateWindow(addonbrowser,addons://search/,return)</action>
		</shortcut>
	<shortcut>
		<defaultID>31131</defaultID>
		<label>$SKIN[31131|skin.estuaryv2.MOD-KODIVN|None]</label>
		<label2>Common Shortcut</label2>
		<icon>Settings.png</icon>
		<thumb />
		<action>ActivateWindow(systemsettings,addons)</action>
		</shortcut>
	</shortcuts>
