<shortcuts>
	<shortcut>
		<defaultID />
		<label>Truyền Hình</label>
		<label2>Video Add-On</label2>
		<icon>DefaultShortcut.png</icon>
		<thumb>image://https%3a%2f%2fi.imgur.com%2fMnuw95h.png/</thumb>
		<action>ActivateWindow(Videos,"plugin://plugin.video.vnmedia/resources/lib/mkd/ontruyenhinh/listiptv/list_iptv/?_pickle_=8004953e000000000000007d94288c075f7469746c655f948c0b50686170536f6e79547835948c0375726c948c18687474703a2f2f67672e67672f706861707478356970747694752e",return)</action>
		</shortcut>
	</shortcuts>
