<shortcuts>
	<shortcut>
		<defaultID>plugin.video.vietmediaF</defaultID>
		<label>VietmediaF</label>
		<label2>Video Add-On</label2>
		<icon>DefaultShortcut.png</icon>
		<thumb>special://skin/extras/icons/Vietmediaf2.png</thumb>
		<action>ActivateWindow(Videos,"plugin://plugin.video.vietmediaF",return)</action>
		</shortcut>
	<shortcut>
		<defaultID>plugin.video.vnmedia</defaultID>
		<label>VN Media</label>
		<label2>Video Add-On</label2>
		<icon>DefaultShortcut.png</icon>
		<thumb>special://skin/extras/icons/netflix2.png</thumb>
		<action>ActivateWindow(Videos,"plugin://plugin.video.vnmedia",return)</action>
		</shortcut>
	<shortcut>
		<defaultID />
		<label>Xem gần đây</label>
		<label2>Mục tùy chỉnh</label2>
		<icon>DefaultShortcut.png</icon>
		<thumb>special://skin/extras/icons/eye.png</thumb>
		<action>ActivateWindow(Videos,"plugin://plugin.video.last_played",return)</action>
		<disabled>True</disabled>
		</shortcut>
	<shortcut>
		<defaultID />
		<label>Bóng đá</label>
		<label2>Mục tùy chỉnh</label2>
		<icon>DefaultShortcut.png</icon>
		<thumb>special://skin/extras/icons/Genres/sport.png</thumb>
		<action>ActivateWindow(Videos,"plugin://plugin.video.vnmedia/resources/lib/mkd/thethao/index_thethao/?_pickle_=8004951b000000000000007d948c075f7469746c655f948c0a5468e1bb83207468616f94732e",return)</action>
		</shortcut>
	<shortcut>
		<defaultID />
		<label>Âm nhạc</label>
		<label2>Mục tùy chỉnh</label2>
		<icon>DefaultShortcut.png</icon>
		<thumb>special://skin/extras/icons/music.png</thumb>
		<action>ActivateWindow(Videos,"plugin://plugin.video.vietmediaF?action=play&amp;url=https://docs.google.com/spreadsheets/d/1Y7VTmjZXDS6r8txFqNSsDyhvj4IFL12mKn6Agfd3YAY/htmlview",return)</action>
		<disabled>True</disabled>
		</shortcut>
	<shortcut>
		<defaultID />
		<label>Phim TVB</label>
		<label2>Video Add-On</label2>
		<icon>DefaultShortcut.png</icon>
		<thumb>special://skin/extras/icons/Genres/anime.png</thumb>
		<action>ActivateWindow(Videos,"plugin://plugin.video.vietmediaF?action=play&amp;url=https://docs.google.com/spreadsheets/d/1kyDh7nNvX0hMpOT3aQMXMW35MWYmdq689JbSioo3TYw/htmlview",return)</action>
		<disabled>True</disabled>
		</shortcut>
	<shortcut>
		<defaultID />
		<label>Cộng đồng chia sẻ</label>
		<label2>Video Add-On</label2>
		<icon>DefaultShortcut.png</icon>
		<thumb>special://skin/extras/icons/actors.png</thumb>
		<action>ActivateWindow(Videos,"plugin://plugin.video.vietmediaF?action=browse&amp;node_id=75",return)</action>
		</shortcut>
	<shortcut>
		<defaultID />
		<label>Xem TV</label>
		<label2>Mục tùy chỉnh</label2>
		<icon>DefaultShortcut.png</icon>
		<thumb>special://skin/extras/icons/livetv.png</thumb>
		<action>ActivateWindow(Videos,"plugin://plugin.video.vnmedia/resources/lib/mkd/truyenhinh/listiptv_root/?_pickle_=8004951f000000000000007d948c075f7469746c655f948c0e54727579e1bb816e2068c3ac6e6894732e",return)</action>
		</shortcut>
	<shortcut>
		<defaultID>13009</defaultID>
		<label>13009</label>
		<label2>Thực hiện lệnh Kodi</label2>
		<icon>Quit.png</icon>
		<thumb />
		<action>Quit</action>
		<disabled>True</disabled>
		</shortcut>
	<shortcut>
		<defaultID />
		<label>Thư Viện HD </label>
		<label2>Video Add-On</label2>
		<icon>DefaultShortcut.png</icon>
		<thumb>special://skin/extras/icons/Genres/fantasy.png</thumb>
		<action>ActivateWindow(Videos,"plugin://plugin.video.vietmediaF?action=browse&amp;url=https://thuvienhd.com/menu",return)</action>
		<disabled>True</disabled>
		</shortcut>
	<shortcut>
		<defaultID />
		<label>Thư Viện Cine </label>
		<label2>Video Add-On</label2>
		<icon>DefaultShortcut.png</icon>
		<thumb>special://skin/extras/icons/bookmarks.png</thumb>
		<action>ActivateWindow(Videos,"plugin://plugin.video.vietmediaF?action=browse&amp;url=https://thuviencine.com/menu",return)</action>
		<disabled>True</disabled>
		</shortcut>
	<shortcut>
		<defaultID />
		<label>HDVN </label>
		<label2>Video Add-On</label2>
		<icon>DefaultShortcut.png</icon>
		<thumb>special://skin/extras/icons/bigbox.png</thumb>
		<action>ActivateWindow(Videos,"plugin://plugin.video.vietmediaF?action=browse&amp;url=https://hdvietnam/menu",return)</action>
		<disabled>True</disabled>
		</shortcut>
	<shortcut>
		<defaultID />
		<label>Truyền hình</label>
		<label2>Video Add-On</label2>
		<icon>DefaultShortcut.png</icon>
		<thumb>special://skin/extras/icons/lazytv.png</thumb>
		<action>ActivateWindow(Videos,"plugin://plugin.video.vnmedia/resources/lib/mkd/truyenhinh/listiptv_root/?_pickle_=80049537000000000000007d94288c075f7469746c655f948c0e54727579e1bb816e2068c3ac6e68948c076974656d5f6964948c0a74727579656e68696e6894752e",return)</action>
		<disabled>True</disabled>
		</shortcut>
	<shortcut>
		<defaultID />
		<label>Tin tức</label>
		<label2>Video Add-On</label2>
		<icon>DefaultShortcut.png</icon>
		<thumb>special://skin/extras/icons/newspaper.png</thumb>
		<action>ActivateWindow(Videos,"plugin://plugin.video.vnmedia/resources/lib/mkd/tintuc/index_tintuc/?_pickle_=8004952e000000000000007d94288c075f7469746c655f948c0954696e2074e1bba963948c076974656d5f6964948c0674696e74756394752e",return)</action>
		<disabled>True</disabled>
		</shortcut>
	<shortcut>
		<defaultID />
		<label>Thiếu nhi</label>
		<label2>Video Add-On</label2>
		<icon>DefaultShortcut.png</icon>
		<thumb>special://skin/extras/icons/Genres/children.png</thumb>
		<action>ActivateWindow(Videos,"plugin://plugin.video.vnmedia/resources/lib/mkd/thieunhi/index_thieunhi/?_pickle_=80049532000000000000007d94288c075f7469746c655f948c0b546869e1babf75206e6869948c076974656d5f6964948c0874686965756e686994752e",return)</action>
		<disabled>True</disabled>
		</shortcut>
	</shortcuts>
