<shortcuts>
	<shortcut>
		<defaultID />
		<label>Yêu Thích</label>
		<label2>Mục tùy chỉnh</label2>
		<icon>DefaultShortcut.png</icon>
		<thumb>special://skin/extras/icons/userrating.png</thumb>
		<action>ActivateWindow(Favourites)</action>
		</shortcut>
	<shortcut>
		<defaultID />
		<label>                                                                    [COLOR yellow]VietmediaF Tìm kiếm[/COLOR]</label>
		<label2>Video Add-On</label2>
		<icon>DefaultShortcut.png</icon>
		<thumb>image://https%3a%2f%2fi.imgur.com%2fF5582QW.png/</thumb>
		<action>ActivateWindow(Videos,"plugin://plugin.video.vietmediaF?action=__timkiem__",return)</action>
		<disabled>True</disabled>
		</shortcut>
	<shortcut>
		<defaultID />
		<label>                                                                            [COLOR yellow]Lịch sử xem phim[/COLOR]</label>
		<label2>Video Add-On</label2>
		<icon>DefaultShortcut.png</icon>
		<thumb>image://https%3a%2f%2fi.imgur.com%2fMo9yY3t.png/</thumb>
		<action>ActivateWindow(Videos,"plugin://plugin.video.vietmediaF?action=play&amp;url=__watchedHistoryList__",return)</action>
		<disabled>True</disabled>
		</shortcut>
	<shortcut>
		<defaultID />
		<label>                                                                          [COLOR yellow]Play Code number[/COLOR]</label>
		<label2>Video Add-On</label2>
		<icon>DefaultShortcut.png</icon>
		<thumb>image://https%3a%2f%2fi.imgur.com%2f23fPwsg.png/</thumb>
		<action>ActivateWindow(Videos,"plugin://plugin.video.vietmediaF?action=_number_",return)</action>
		<disabled>True</disabled>
		</shortcut>
	<shortcut>
		<defaultID />
		<label>                                                                                         [COLOR yellow]Phim Lẻ[/COLOR]</label>
		<label2>Video Add-On</label2>
		<icon>DefaultShortcut.png</icon>
		<thumb>image://https%3a%2f%2fi.imgur.com%2f2rXqjnH.png/</thumb>
		<action>ActivateWindow(Videos,"plugin://plugin.video.vietmediaF?action=browse&amp;node_id=68",return)</action>
		<disabled>True</disabled>
		</shortcut>
	<shortcut>
		<defaultID />
		<label>                                                                           [COLOR yellow]Fshare Favourites[/COLOR]</label>
		<label2>Video Add-On</label2>
		<icon>DefaultShortcut.png</icon>
		<thumb>image://https%3a%2f%2fi.imgur.com%2fS2Kvyvy.png/</thumb>
		<action>ActivateWindow(Videos,"plugin://plugin.video.vietmediaF?action=folderxxx",return)</action>
		<disabled>True</disabled>
		</shortcut>
	<shortcut>
		<defaultID />
		<label>                                                                           [COLOR yellow]Phim trên Fshare[/COLOR]</label>
		<label2>Video Add-On</label2>
		<icon>DefaultShortcut.png</icon>
		<thumb>image://https%3a%2f%2fi.imgur.com%2f2rXqjnH.png/</thumb>
		<action>ActivateWindow(Videos,"plugin://plugin.video.vietmediaF?action=FshareMenu",return)</action>
		<disabled>True</disabled>
		</shortcut>
	<shortcut>
		<defaultID />
		<label>                                                                           [COLOR yellow]Phim trên 4share[/COLOR]</label>
		<label2>Video Add-On</label2>
		<icon>DefaultShortcut.png</icon>
		<thumb>image://https%3a%2f%2fi.imgur.com%2fa8YsHKE.png/</thumb>
		<action>ActivateWindow(Videos,"plugin://plugin.video.vietmediaF?action=4shareMenu",return)</action>
		<disabled>True</disabled>
		</shortcut>
	<shortcut>
		<defaultID />
		<label>                                                                       [COLOR yellow]Cộng đồng chia sẻ[/COLOR]</label>
		<label2>Video Add-On</label2>
		<icon>DefaultShortcut.png</icon>
		<thumb>image://https%3a%2f%2fi.imgur.com%2fC4lmbJZ.png/</thumb>
		<action>ActivateWindow(Videos,"plugin://plugin.video.vietmediaF?action=browse&amp;node_id=75",return)</action>
		<disabled>True</disabled>
		</shortcut>
	<shortcut>
		<defaultID />
		<label>                                                                                   [COLOR yellow]Fshare Web[/COLOR]</label>
		<label2>Video Add-On</label2>
		<icon>DefaultShortcut.png</icon>
		<thumb>image://https%3a%2f%2fi.imgur.com%2fYXtSM7C.png/</thumb>
		<action>ActivateWindow(Videos,"plugin://plugin.video.vietmediaF?action=FshareHost",return)</action>
		<disabled>True</disabled>
		</shortcut>
	<shortcut>
		<defaultID />
		<label>                                                                              [COLOR yellow]Account Profile[/COLOR]</label>
		<label2>Video Add-On</label2>
		<icon>DefaultShortcut.png</icon>
		<thumb>image://https%3a%2f%2fi.imgur.com%2fF3iaZw8.png/</thumb>
		<action>ActivateWindow(Videos,"plugin://plugin.video.vietmediaF?action=accFshare",return)</action>
		<disabled>True</disabled>
		</shortcut>
	<shortcut>
		<defaultID />
		<label>                                                                                           [COLOR yellow]Tiện ích[/COLOR]</label>
		<label2>Video Add-On</label2>
		<icon>DefaultShortcut.png</icon>
		<thumb>image://https%3a%2f%2fi.imgur.com%2fP94UFmr.png/</thumb>
		<action>ActivateWindow(Videos,"plugin://plugin.video.vietmediaF?action=tienich",return)</action>
		<disabled>True</disabled>
		</shortcut>
	<shortcut>
		<defaultID>20183</defaultID>
		<label>20183</label>
		<label2>Kodi Command</label2>
		<icon>ReloadSkin.png</icon>
		<thumb />
		<action>ReloadSkin()</action>
		<disabled>True</disabled>
		</shortcut>
	<shortcut>
		<defaultID>plugin.video.vietmediaF</defaultID>
		<label>VietmediaF</label>
		<label2>Video Add-On</label2>
		<icon>DefaultShortcut.png</icon>
		<thumb>special://skin/extras/icons/Vietmediaf2.png</thumb>
		<action>ActivateWindow(Videos,"plugin://plugin.video.vietmediaF",return)</action>
		</shortcut>
	<shortcut>
		<defaultID>movies</defaultID>
		<label>342</label>
		<label2>Common Shortcut</label2>
		<icon>DefaultMovies.png</icon>
		<thumb />
		<action>ActivateWindow(videos,library://video/movies/,return)</action>
		</shortcut>
	<shortcut>
		<defaultID>tvshows</defaultID>
		<label>20343</label>
		<label2>Common Shortcut</label2>
		<icon>DefaultTVShows.png</icon>
		<thumb />
		<action>ActivateWindow(videos,library://video/tvshows/,return)</action>
		</shortcut>
	<shortcut>
		<defaultID>musicvideos</defaultID>
		<label>20389</label>
		<label2>Common Shortcut</label2>
		<icon>DefaultMusicVideos.png</icon>
		<thumb />
		<action>ActivateWindow(videos,library://video/musicvideos/,return)</action>
		</shortcut>
	<shortcut>
		<defaultID>744</defaultID>
		<label>744</label>
		<label2>Common Shortcut</label2>
		<icon>DefaultFolder.png</icon>
		<thumb />
		<action>ActivateWindow(Videos,Files,return)</action>
		</shortcut>
	<shortcut>
		<defaultID>136</defaultID>
		<label>136</label>
		<label2>Common Shortcut</label2>
		<icon>DefaultVideoPlaylists.png</icon>
		<thumb />
		<action>ActivateWindow(Videos,special://videoplaylists/,return)</action>
		</shortcut>
	<shortcut>
		<defaultID>1037</defaultID>
		<label>1037</label>
		<label2>Common Shortcut</label2>
		<icon>DefaultAddonVideo.png</icon>
		<thumb />
		<action>ActivateWindow(Videos,addons://sources/video/,return)</action>
		</shortcut>
	<shortcut>
		<defaultID>20314</defaultID>
		<label>20314</label>
		<label2>Common Shortcut</label2>
		<icon>LibrarySettings.png</icon>
		<thumb />
		<action>ActivateWindow(Videos,root,return)</action>
		</shortcut>
	<shortcut>
		<defaultID>plugin.video.vnmedia</defaultID>
		<label>VN Media</label>
		<label2>Video Add-On</label2>
		<icon>DefaultShortcut.png</icon>
		<thumb>special://skin/extras/icons/netflix2.png</thumb>
		<action>ActivateWindow(Videos,"plugin://plugin.video.vnmedia",return)</action>
		<disabled>True</disabled>
		</shortcut>
	<shortcut>
		<defaultID />
		<label>Xóa rác</label>
		<label2>Mục tùy chỉnh</label2>
		<icon>DefaultShortcut.png</icon>
		<thumb>special://skin/extras/icons/uninstall.png</thumb>
		<action>PlayMedia("plugin://plugin.Tool-KODIVN/?mode=fullclean")</action>
		</shortcut>
	<shortcut>
		<defaultID>plugin.video.last_played</defaultID>
		<label>Sao lưu</label>
		<label2>Custom item</label2>
		<icon>DefaultShortcut.png</icon>
		<thumb>special://skin/extras/icons/database.png</thumb>
		<action>ActivateWindow(Programs,"plugin://plugin.Tool-KODIVN/?mode=maint&amp;name=backuprestore",return)</action>
		</shortcut>
	<shortcut>
		<defaultID>plugin.video.last_played</defaultID>
		<label>Tiện ích </label>
		<label2>Custom item</label2>
		<icon>DefaultShortcut.png</icon>
		<thumb>special://skin/extras/icons/addons.png</thumb>
		<action>ActivateWindow(Programs,"plugin://plugin.Tool-KODIVN/?mode=maint",return)</action>
		</shortcut>
	<shortcut>
		<defaultID>plugin.video.last_played</defaultID>
		<label>Tối ưu </label>
		<label2>Video Add-On</label2>
		<icon>DefaultShortcut.png</icon>
		<thumb>special://skin/extras/icons/dependencies.png</thumb>
		<action>ActivateWindow(10001,"plugin://plugin.Tool-KODIVN/?mode=advanced_settings",return)</action>
		</shortcut>
	<shortcut>
		<defaultID>plugin.video.last_played</defaultID>
		<label>Giao diện</label>
		<label2>Video Add-On</label2>
		<icon>DefaultShortcut.png</icon>
		<thumb>special://skin/extras/icons/windows.png</thumb>
		<action>ActivateWindow(10001,"plugin://plugin.Tool-KODIVN/?mode=builds",return)</action>
		</shortcut>
	<shortcut>
		<defaultID>1036</defaultID>
		<label>1036</label>
		<label2>Common menu item</label2>
		<icon>special://skin/extras/icons/favourites.png</icon>
		<thumb>special://skin/extras/icons/favourite.png</thumb>
		<action>ActivateWindow(Favourites)</action>
		<disabled>True</disabled>
		</shortcut>
	<shortcut>
		<defaultID>plugin.video.last_played</defaultID>
		<label>Cài đặt</label>
		<label2>Video Add-On</label2>
		<icon>DefaultShortcut.png</icon>
		<thumb>special://skin/extras/icons/configure.png</thumb>
		<action>PlayMedia("plugin://plugin.Tool-KODIVN/?mode=settings&amp;name=plugin.Tool-KODIVN")</action>
		<disabled>True</disabled>
		</shortcut>
	</shortcuts>
