<shortcuts>
	<shortcut>
		<defaultID />
		<label>HỖ TRỢ - GIA HẠN</label>
		<label2>Custom item</label2>
		<icon>DefaultShortcut.png</icon>
		<thumb>special://skin/extras/icons/artist.png</thumb>
		<action>ActivateWindow(AddonBrowser)</action>
		</shortcut>
	<shortcut>
		<defaultID />
		<label>FB: TÙNG BÙI</label>
		<label2>Custom item</label2>
		<icon>DefaultShortcut.png</icon>
		<thumb>special://skin/extras/icons/artist.png</thumb>
		<action>ActivateWindow(Programs,"plugin://plugin.program.hieuitmc/?mode=maint&amp;name=backuprestore",return)</action>
		</shortcut>
	<shortcut>
		<defaultID />
		<label>ZALO: 0983899475</label>
		<label2>Custom item</label2>
		<icon>DefaultShortcut.png</icon>
		<thumb>special://skin/extras/icons/artist.png</thumb>
		<action>noop</action>
		</shortcut>
	</shortcuts>
