<shortcuts>
	<shortcut>
		<defaultID />
		<label>Fshare Favourites</label>
		<label2>Custom item</label2>
		<icon>DefaultShortcut.png</icon>
		<thumb />
		<action>ActivateWindow(Videos,"plugin://plugin.video.vietmediaF?action=action=folderxxx",return)</action>
		</shortcut>
	<shortcut>
		<defaultID />
		<label>Lịch sử xem</label>
		<label2>Custom item</label2>
		<icon>DefaultShortcut.png</icon>
		<thumb />
		<action>ActivateWindow(Videos,"plugin://plugin.video.vietmediaF?action=play&amp;url=__watchedHistoryList__",return)</action>
		</shortcut>
	</shortcuts>
