<shortcuts>
	<shortcut>
		<defaultID>livetv</defaultID>
		<label>$SKIN[31275|skin.cosmic|None]</label>
		<label2>Common Shortcut</label2>
		<icon>special://skin/extras/icons/livetv.png</icon>
		<thumb>special://skin/extras/icons/livetv.png</thumb>
		<action>ActivateWindow(TVChannels)</action>
		<visible>PVR.HasTVChannels</visible>
		</shortcut>
	<shortcut>
		<defaultID />
		<label>TÌM KIẾM</label>
		<label2>Mục tùy chỉnh</label2>
		<icon>DefaultShortcut.png</icon>
		<thumb>special://skin/extras/icons/search.png</thumb>
		<action>ActivateWindow(10025,&quot;plugin://plugin.video.timfshare/?mode=search&quot;,return)</action>
		</shortcut>	
	<shortcut>
		<defaultID>1036</defaultID>
		<label>1036</label>
		<label2>Danh sách thông thường</label2>
		<icon>special://skin/extras/icons/favourites2.png</icon>
		<thumb>special://skin/extras/icons/userrating.png</thumb>
		<action>Right</action>
		</shortcut>
	<shortcut>
		<defaultID />
		<label>Thể thao</label>
		<label2>Danh sách thông thường</label2>
		<icon>DefaultShortcut.png</icon>
		<thumb>special://skin/extras/icons/trophy.png</thumb>
		<action>ActivateWindow(10025,"plugin://plugin.video.xemplay/?mode=index_xemplay&amp;url=https%3a%2f%2fsport.xoilaczz.link%2fproviders",return)</action>
		</shortcut>
	<shortcut>
		<defaultID />
		<label>Truyền hình</label>
		<label2>Danh sách thông thường</label2>
		<icon>DefaultShortcut.png</icon>
		<thumb>special://skin/extras/icons/tvguide.png</thumb>
		<action>ActivateWindow(10025,"plugin://plugin.video.xemplay/?mode=index_xemplay&amp;url=https%3a%2f%2fiptv.nhadai.org%2fv1",return)</action>
		</shortcut>	
	<shortcut>
		<defaultID>settings</defaultID>
		<label>CÀI ĐẶT</label>
		<label2>Danh sách thông thường</label2>
		<icon>DefaultShortcut.png</icon>
		<thumb>special://skin/extras/icons/settings.png</thumb>
		<action>ActivateWindow(Settings)</action>
		</shortcut>
	<shortcut>
		<defaultID>13009</defaultID>
		<label>THOÁT</label>
		<label2>Thực hiện lệnh Kodi</label2>
		<icon>DefaultShortcut.png</icon>
		<thumb>special://skin/extras/icons/power.png</thumb>
		<action>Quit</action>
		</shortcut>	
	</shortcuts>
