<shortcuts>
	<shortcut>
		<defaultID />
		<label>[B]MOVIES[/B]</label>
		<label2>Video Add-On</label2>
		<icon>DefaultShortcut.png</icon>
		<thumb>thumb</thumb>
		<action>ActivateWindow(Videos,"plugin://plugin.googledrive/?action=_list_folder&amp;path=%2F&amp;content_type=video&amp;driveid=0AGofEUjnpFhNUk9PVA",return)</action>
	</shortcut>
	<shortcut>
		<defaultID />
		<label>[B]TV SHOW[/B]</label>
		<label2>Video Add-On</label2>
		<icon>DefaultShortcut.png</icon>
		<thumb>thumb</thumb>
		<action>ActivateWindow(Videos,"plugin://plugin.googledrive/?action=_list_folder&amp;path=%2F&amp;content_type=video&amp;driveid=0AEeNoljzNHjCUk9PVA",return)</action>
	</shortcut>
	<shortcut>
		<defaultID />
		<label>BST MEOMEO</label>
		<label2>Video Add-On</label2>
		<icon>DefaultShortcut.png</icon>
		<thumb>thumb</thumb>
		<action>ActivateWindow(Videos,"plugin://plugin.googledrive/?content_type=video&amp;item_driveid=0ADdmvsVRgnx9Uk9PVA&amp;item_id=1CVefS6HjGcIvUVZlYSfo9s21fZuPT7B0&amp;driveid=0ADdmvsVRgnx9Uk9PVA&amp;action=_list_folder",return)</action>
	</shortcut>
	<shortcut>
		<defaultID />
		<label>[B]4K[/B]</label>
		<label2>Video Add-On</label2>
		<icon>DefaultShortcut.png</icon>
		<thumb>thumb</thumb>
		<action>ActivateWindow(Videos,"plugin://plugin.googledrive/?action=_list_folder&amp;path=%2F&amp;content_type=video&amp;driveid=0ABR7DyIR-TwCUk9PVA",return)</action>
	</shortcut>
	<shortcut>
		<defaultID />
		<label>[B]DOCUMENTARIES[/B]</label>
		<label2>Video Add-On</label2>
		<icon>DefaultShortcut.png</icon>
		<thumb>thumb</thumb>
		<action>ActivateWindow(Videos,"plugin://plugin.googledrive/?action=_list_folder&amp;path=%2F&amp;content_type=video&amp;driveid=0AJeVKAVQU5K0Uk9PVA",return)</action>
	</shortcut>
</shortcuts>
