<shortcuts>
	<shortcut>
		<defaultID>plugin.video.bimozie-next/group/0</defaultID>
		<label>Sport</label>
		<label2>Video Add-On</label2>
		<icon>DefaultShortcut.png</icon>
		<thumb>image://https%3a%2f%2fec.europa.eu%2feurostat%2fdocuments%2f6921402%2f9104237%2fShutterstock_Lisa_Kolbasa.png%2ff988f8b6-4138-4a91-9761-885bacab0ce2%3ft%3d1533725002000/</thumb>
		<action>ActivateWindow(Videos,"plugin://plugin.video.bimozie-next/group/0",return)</action>
	</shortcut>
	<shortcut>
		<defaultID>plugin.video.bimozie-next/group/2</defaultID>
		<label>Movies</label>
		<label2>Video Add-On</label2>
		<icon>DefaultShortcut.png</icon>
		<thumb>image://https%3a%2f%2fhips.hearstapps.com%2fhmg-prod.s3.amazonaws.com%2fimages%2fsummer-movies-1587392939.jpg/</thumb>
		<action>ActivateWindow(Videos,"plugin://plugin.video.bimozie-next/group/2",return)</action>
	</shortcut>
	<shortcut>
		<defaultID>plugin.video.bimozie-next/group/4</defaultID>
		<label>Fshare</label>
		<label2>Video Add-On</label2>
		<icon>DefaultShortcut.png</icon>
		<thumb>image://https%3a%2f%2fcache.bloghosting.vn%2fwp-content%2fuploads%2f2017%2f12%2ffshare.jpg/</thumb>
		<action>ActivateWindow(Videos,"plugin://plugin.video.bimozie-next/group/4",return)</action>
	</shortcut>
	<shortcut>
		<defaultID>plugin.video.bimozie-next/group/1</defaultID>
		<label>TV Online</label>
		<label2>Video Add-On</label2>
		<icon>DefaultShortcut.png</icon>
		<thumb>image://https%3a%2f%2ftvonline.bg%2fwp-content%2fthemes%2fDesign3%2fimages%2flogo.jpg/</thumb>
		<action>ActivateWindow(Videos,"plugin://plugin.video.bimozie-next/group/1",return)</action>
	</shortcut>
	<shortcut>
		<defaultID>plugin.video.bimozie-next/group/3</defaultID>
		<label>Anime</label>
		<label2>Video Add-On</label2>
		<icon>DefaultShortcut.png</icon>
		<thumb>image://https%3a%2f%2fupload.wikimedia.org%2fwikipedia%2fcommons%2fd%2fde%2fAnime_Tv_Channel.jpg/</thumb>
		<action>ActivateWindow(Videos,"plugin://plugin.video.bimozie-next/group/3",return)</action>
	</shortcut>
</shortcuts>
