<shortcuts>
	<shortcut>
		<defaultID />
		<label>Phim trẻ em &amp; gia đình</label>
		<label2>Video Add-On</label2>
		<icon>DefaultShortcut.png</icon>
		<thumb>image://https%3a%2f%2fm.media-amazon.com%2fimages%2fI%2f81VxuVBN1cL.jpg/</thumb>
		<action>ActivateWindow(Videos,"plugin://plugin.video.vietmediaF?action=play&amp;url=https://docs.google.com/spreadsheets/u/0/d/1pTqBnac8GuJPh5SdkJqjN_O0IHGxNPAU4MKVxic4m9s/htmlview",return)</action>
		</shortcut>
	<shortcut>
		<defaultID />
		<label>Đĩa Blu-ray </label>
		<label2>Video Add-On</label2>
		<icon>DefaultShortcut.png</icon>
		<thumb>image://https%3a%2f%2fimg-cdn.2game.vn%2fpictures%2fimages%2f2016%2f2%2f24%2f4uW7aGB.png/</thumb>
		<action>ActivateWindow(Videos,"plugin://plugin.video.vietmediaF?action=play&amp;url=https://docs.google.com/spreadsheets/d/1E_2nC9xAOWRD2chQNwk8P7s4YuRsqURXFxLGor9eub0/htmlview",return)</action>
		</shortcut>
	</shortcuts>
