<shortcuts>
	<shortcut>
		<defaultID />
		<label>Phim chiếu rạp</label>
		<label2>Video Add-On</label2>
		<icon>DefaultShortcut.png</icon>
		<thumb>image://https%3a%2f%2fflxt.tmsimg.com%2fassets%2fp22947976_b_v13_aa.jpg/</thumb>
		<action>ActivateWindow(Videos,"plugin://plugin.video.vietmediaF?action=play&amp;url=https://docs.google.com/spreadsheets/d/1xgEmGL7qjpux4839zuQKKEA-xmMH-tLo776NoZGd29U/htmlview",return)</action>
		</shortcut>
	<shortcut>
		<defaultID />
		<label>Phim TVB</label>
		<label2>Video Add-On</label2>
		<icon>DefaultShortcut.png</icon>
		<thumb>image://https%3a%2f%2fimage.tmdb.org%2ft%2fp%2foriginal%2fp3zEDNOR0yRtUaVaPR9G8NYHpG.jpg/</thumb>
		<action>ActivateWindow(Videos,"plugin://plugin.video.vietmediaF?action=play&amp;url=https://docs.google.com/spreadsheets/d/1kyDh7nNvX0hMpOT3aQMXMW35MWYmdq689JbSioo3TYw/htmlview",return)</action>
		</shortcut>
	</shortcuts>
