<shortcuts>
	<shortcut>
		<defaultID />
		<label>Phim lẻ đề cử</label>
		<label2>Video Add-On</label2>
		<icon>DefaultShortcut.png</icon>
		<thumb>image://https%3a%2f%2fimg-cdn.2game.vn%2fpictures%2fimages%2f2016%2f2%2f24%2fSPTNK_Teaser_1Sheet_Reflection_v3_Lg.png/</thumb>
		<action>ActivateWindow(Videos,"plugin://plugin.video.vietmediaF?action=play&amp;url=https://docs.google.com/spreadsheets/u/0/d/1Kk4b0nnUfyPZqyTuFNfO5uTByDB1CtmoMmT3PPPpJzw/htmlview",return)</action>
		</shortcut>
	<shortcut>
		<defaultID />
		<label>Phim bộ đề cử</label>
		<label2>Video Add-On</label2>
		<icon>DefaultShortcut.png</icon>
		<thumb>image://https%3a%2f%2fstatic1.dienanh.net%2fupload%2f202112%2ffed4cde2-f834-466c-958d-eae556b66ae2.jpg/</thumb>
		<action>ActivateWindow(Videos,"plugin://plugin.video.vietmediaF?action=play&amp;url=https://docs.google.com/spreadsheets/u/0/d/1NKeePzgBdrl5K-lmPV2Y7yhsqRn3xrWujRoeiIrim80/htmlview",return)</action>
		</shortcut>
	</shortcuts>
