<shortcuts>
	<shortcut>
		<defaultID />
		<label>Truyền hình</label>
		<label2>Video Add-On</label2>
		<icon>DefaultShortcut.png</icon>
		<thumb>image://https%3a%2f%2fraw.githubusercontent.com%2fnguyenducmanh609%2fkodi.github.io%2fmain%2ftruyenhinh.png/</thumb>
		<action>ActivateWindow(Videos,"plugin://plugin.video.vnmedia/resources/lib/mkd/truyenhinh/listiptv_root/?_pickle_=80049537000000000000007d94288c075f7469746c655f948c0e54727579e1bb816e2068c3ac6e68948c076974656d5f6964948c0a74727579656e68696e6894752e",return)</action>
		</shortcut>
	<shortcut>
		<defaultID />
		<label>Thể thao</label>
		<label2>Video Add-On</label2>
		<icon>DefaultShortcut.png</icon>
		<thumb>image://https%3a%2f%2fraw.githubusercontent.com%2fnguyenducmanh609%2fkodi.github.io%2fmain%2fthethao.png/</thumb>
		<action>ActivateWindow(Videos,"plugin://plugin.video.vnmedia/resources/lib/main/generic_menu/?_pickle_=80049530000000000000007d94288c075f7469746c655f948c0a5468e1bb83207468616f948c076974656d5f6964948c077468657468616f94752e",return)</action>
		</shortcut>
	</shortcuts>
