<shortcuts>	
	<shortcut>
		<defaultID>1037</defaultID>
		<label>Trận cầu tâm điểm</label>
		<label2>Video</label2>
		<icon>DefaultShortcut.png</icon>
		<thumb />
		<action>ActivateWindow(10025,"plugin://plugin.video.xemplay/?mode=index_vebo",return)</action>
		</shortcut>
	<shortcut>
		<defaultID>1037</defaultID>
		<label>Trực tiếp</label>
		<label2>Video</label2>
		<icon>DefaultShortcut.png</icon>
		<thumb />
		<action>ActivateWindow(10025,"plugin://plugin.video.xemplay/?mode=index_thapcam",return)</action>
		</shortcut>	
	<shortcut>
		<defaultID>1037</defaultID>
		<label>Highlight - Bóng đá</label>
		<label2>Video</label2>
		<icon>DefaultShortcut.png</icon>
		<thumb />
		<action>ActivateWindow(10025,"plugin://plugin.video.xemplay/?link=https%3a%2f%2fapi.vebo.xyz%2fapi%2fnews%2fvebotv%2flist%2fhighlight%2f1&amp;mode=index_highlight&amp;page=1",return)</action>
		</shortcut>			
	</shortcuts>
