<shortcuts>
	<shortcut>
		<defaultID />
		<label>Xem lại - Bóng đá</label>
		<label2>Custom item</label2>
		<icon>DefaultShortcut.png</icon>
		<thumb />
		<action>ActivateWindow(10025,"plugin://plugin.video.xemplay/?mode=list_xemplay&amp;p=1&amp;url=https%3a%2f%2fsport.xoilaczz.link%2fproviders%2fcakeo-detail-news%2fxem-lai",return)</action>
		</shortcut>
	<shortcut>
		<defaultID />
		<label>Xem lại - Thập cẩm TV</label>
		<label2>Custom item</label2>
		<icon>DefaultShortcut.png</icon>
		<thumb />
		<action>ActivateWindow(10025,"plugin://plugin.video.xemplay/?mode=list_xemplay&amp;p=1&amp;url=https%3a%2f%2fsport.xoilaczz.link%2fproviders%2fthapcam-replay-detail-all",return)</action>
		</shortcut>    
	</shortcuts>