<shortcuts>
	<shortcut>
		<defaultID />
		<label>Trực tiếp Bóng đá</label>
		<label2>Video</label2>
		<icon>DefaultShortcut.png</icon>
		<thumb />
		<action>ActivateWindow(10025,"plugin://plugin.video.xemplay/?mode=list_xemplay&amp;p=1&amp;url=https%3a%2f%2fsport.xoilaczz.link%2fproviders%2fdetail-sport%2ffootball",return)</action>
		</shortcut>
	<shortcut>
		<defaultID>1037</defaultID>
		<label>Trực tiếp</label>
		<label2>Video</label2>
		<icon>DefaultShortcut.png</icon>
		<thumb />
		<action>ActivateWindow(10025,"plugin://plugin.video.xemplay/?mode=list_xemplay&amp;p=1&amp;url=https%3a%2f%2fsport.xoilaczz.link%2fproviders%2fmatch-live-details",return)</action>
		</shortcut>	
	</shortcuts>
