<shortcuts>
	<shortcut>
		<defaultID />
		<label>Tìm kiếm tiện ích</label>
		<label2>Mục tùy chỉnh</label2>
		<icon>DefaultShortcut.png</icon>
		<thumb />
		<action>ActivateWindow(10040,"addons://search/",return)</action>
		</shortcut>
	<shortcut>
		<defaultID />
		<label>Cài đặt từ kho lưu trữ</label>
		<label2>Mục tùy chỉnh</label2>
		<icon>DefaultShortcut.png</icon>
		<thumb />
		<action>ActivateWindow(10040,"addons://repos/",return)</action>
		</shortcut>
	<shortcut>
		<defaultID />
		<label>Cập nhật gần đây</label>
		<label2>Mục tùy chỉnh</label2>
		<icon>DefaultShortcut.png</icon>
		<thumb />
		<action>ActivateWindow(10040,"addons://recently_updated/",return)</action>
		</shortcut>
	<shortcut>
		<defaultID>24032</defaultID>
		<label>24032</label>
		<label2 />
		<icon>special://skin/extras/icons/database.png</icon>
		<thumb />
		<action>ActivateWindow(AddonBrowser,addons://user/all,return)</action>
		</shortcut>
	<shortcut>
		<defaultID>24001</defaultID>
		<label>24001</label>
		<label2>Cài đặt</label2>
		<icon>DefaultAddon.png</icon>
		<thumb />
		<action>ActivateWindow(AddonBrowser)</action>
		<disabled>True</disabled>
		</shortcut>
	<shortcut>
		<defaultID>1038</defaultID>
		<label>1038</label>
		<label2 />
		<icon>special://skin/extras/icons/songs.png</icon>
		<thumb />
		<action>ActivateWindow(Music,addons://sources/audio,return)</action>
		<disabled>True</disabled>
		</shortcut>
	<shortcut>
		<defaultID>1037</defaultID>
		<label>1037</label>
		<label2 />
		<icon>special://skin/extras/icons/video-addons.png</icon>
		<thumb />
		<action>ActivateWindow(Videos,addons://sources/video,return)</action>
		<disabled>True</disabled>
		</shortcut>
	<shortcut>
		<defaultID>1043</defaultID>
		<label>1043</label>
		<label2 />
		<icon>special://skin/extras/icons/addons.png</icon>
		<thumb />
		<action>ActivateWindow(Programs,addons://sources/executable,return)</action>
		<disabled>True</disabled>
		</shortcut>
	<shortcut>
		<defaultID>1039</defaultID>
		<label>1039</label>
		<label2 />
		<icon>special://skin/extras/icons/pictures.png</icon>
		<thumb />
		<action>ActivateWindow(Pictures,addons://sources/image,return)</action>
		<disabled>True</disabled>
		</shortcut>
	<shortcut>
		<defaultID>8</defaultID>
		<label>8</label>
		<label2 />
		<icon>special://skin/extras/icons/sun.png</icon>
		<thumb />
		<action>ActivateWindow(Weather)</action>
		<disabled>True</disabled>
		</shortcut>
	</shortcuts>
