<?xml version="1.0" encoding="UTF-8" standalone="yes" ?>
<addon id="plugin.video.xemplay" name="XemPlay" version="0.2.3" provider-name="Bulubuloa">
    <requires>
        <import addon="xbmc.python" version="3.0.1"/>
		<import addon="script.module.requests"/>
		<import addon="inputstream.adaptive" version="20.0.0"/>
    </requires>
    <extension point="xbmc.python.pluginsource" library="addon.py">
        <provides>video</provides>
    </extension>
    <extension point="xbmc.addon.metadata">
        <description lang="vi">xemplay</description>
        <disclaimer lang="vi">xemplay</disclaimer>
        <summary lang="vi">xemplay</summary>
		<language>vi</language>
        <platform>all</platform>
        <license>GPL-2.0-or-later</license>
        <assets>
            <icon>icon.png</icon>
			<fanart>fanart.jpg</fanart>
        </assets>
    </extension>
</addon>