<?xml version="1.0" ?>
<buttonmap>
    <device name="UR01-BLE" provider="android" vid="005D" pid="0001" buttoncount="8" axiscount="3">
        <configuration />
        <controller id="game.controller.default">
            <feature name="a" button="7" />
            <feature name="back" button="0" />
            <feature name="down" button="5" />
            <feature name="guide" button="2" />
            <feature name="left" button="6" />
            <feature name="leftstick">
                <up axis="-1" />
                <down axis="+1" />
                <right axis="+0" />
                <left axis="-0" />
            </feature>
            <feature name="right" button="4" />
            <feature name="start" button="1" />
            <feature name="up" button="3" />
        </controller>
    </device>
</buttonmap>
