<?xml version="1.0" encoding="UTF-8" standalone="yes"?>
<addon id="script.module.unidecode" name="Unidecode" version="1.3.8" provider-name="Tomaz Solc,mkendo">
  <requires>
    <import addon="xbmc.python" version="3.0.0"/>
  </requires>
  <extension point="xbmc.python.module" library="lib" />
  <extension point="xbmc.addon.metadata">
    <summary lang="en_GB">ASCII transliterations of Unicode text</summary>
    <description lang="en_GB">Unidecode, lossy ASCII transliterations of Unicode text</description>
    <license>GPL-2.0-or-later</license>
    <platform>all</platform>
    <website>https://pypi.org/project/Unidecode</website>
    <source>https://pypi.org/project/Unidecode</source>
    <assets>
      <icon>resources/icon.png</icon>
    </assets>
  </extension>
</addon>
